{"cameraMode":{"drawMode":0,"name":"Shaded","section":"Shading Mode"},"sceneLighting":true,"audioPlay":false,"sceneViewState":{"m_AlwaysRefresh":false,"showFog":true,"showSkybox":true,"showFlares":true,"showImageEffects":true,"showParticleSystems":true,"showVisualEffectGraphs":true,"m_FxEnabled":true},"in2DMode":false,"pivot":{"x":597.5410766601563,"y":1613.918701171875,"z":179.75949096679688},"rotation":{"x":0.23988023400306703,"y":0.03582368418574333,"z":-0.00885874591767788,"w":0.970106840133667},"size":496.24969482421877,"orthographic":false}