{"cameraMode":{"drawMode":0,"name":"Shaded","section":"Shading Mode"},"sceneLighting":true,"audioPlay":false,"sceneViewState":{"m_AlwaysRefresh":false,"showFog":true,"showSkybox":true,"showFlares":true,"showImageEffects":true,"showParticleSystems":true,"showVisualEffectGraphs":true,"m_FxEnabled":true},"in2DMode":false,"pivot":{"x":-2.9132111072540285,"y":-11.130128860473633,"z":58.88246536254883},"rotation":{"x":0.5345751047134399,"y":-0.004301214125007391,"z":0.002719983458518982,"w":0.8451122641563416},"size":76.89353942871094,"orthographic":false}