{"cameraMode":{"drawMode":0,"name":"Shaded","section":"Shading Mode"},"sceneLighting":true,"audioPlay":false,"sceneViewState":{"m_AlwaysRefresh":false,"showFog":true,"showSkybox":true,"showFlares":true,"showImageEffects":true,"showParticleSystems":true,"showVisualEffectGraphs":true,"m_FxEnabled":true},"in2DMode":false,"pivot":{"x":0.1068611741065979,"y":-1.4055862426757813,"z":0.3187526762485504},"rotation":{"x":0.7138120532035828,"y":-0.06370443850755692,"z":0.06548886001110077,"w":0.6943619847297669},"size":4.290008068084717,"orthographic":false}